
DROP TABLE IF EXISTS `ums_admin`;
CREATE TABLE `ums_admin`  (
  `id` bigint(20) NOT NULL AUTO_INCREMENT,
  `username` varchar(64) CHARACTER SET utf8 COLLATE utf8_general_ci NULL DEFAULT NULL,
  `password` varchar(64) CHARACTER SET utf8 COLLATE utf8_general_ci NULL DEFAULT NULL,
  `icon` varchar(500) CHARACTER SET utf8 COLLATE utf8_general_ci NULL DEFAULT NULL COMMENT '头像',
  `email` varchar(100) CHARACTER SET utf8 COLLATE utf8_general_ci NULL DEFAULT NULL COMMENT '邮箱',
  `nick_name` varchar(200) CHARACTER SET utf8 COLLATE utf8_general_ci NULL DEFAULT NULL COMMENT '昵称',
  `note` varchar(500) CHARACTER SET utf8 COLLATE utf8_general_ci NULL DEFAULT NULL COMMENT '备注信息',
  `create_time` datetime NULL DEFAULT NULL COMMENT '创建时间',
  `login_time` datetime NULL DEFAULT NULL COMMENT '最后登录时间',
  `status` int(1) NULL DEFAULT 1 COMMENT '帐号启用状态：0->禁用；1->启用',
  PRIMARY KEY (`id`) USING BTREE
) ENGINE = InnoDB AUTO_INCREMENT = 11 CHARACTER SET = utf8 COLLATE = utf8_general_ci COMMENT = '后台用户表' ROW_FORMAT = Dynamic;

-- ----------------------------
-- Records of ums_admin
-- ----------------------------
INSERT INTO `ums_admin` VALUES (1, 'test', '$2a$10$NZ5o7r2E.ayT2ZoxgjlI.eJ6OEYqjH7INR/F.mXDbjZJi9HF0YCVG', 'https://xqxls-oss.oss-cn-shenzhen.aliyuncs.com/mall/icon/github_icon_02.png', 'test@qq.com', '测试账号', NULL, '2018-09-29 13:55:30', '2018-09-29 13:55:39', 1);
INSERT INTO `ums_admin` VALUES (3, 'admin', '$2a$10$.E1FokumK5GIXWgKlg.Hc.i/0/2.qdAwYFL1zc5QHdyzpXOr38RZO', 'https://xqxls-oss.oss-cn-shenzhen.aliyuncs.com/mall/icon/github_icon_01.png', 'admin@163.com', '系统管理员', '系统管理员', '2018-10-08 13:32:47', '2019-04-20 12:45:16', 1);
INSERT INTO `ums_admin` VALUES (4, 'xqxls', '$2a$10$Bx4jZPR7GhEpIQfefDQtVeS58GfT5n6mxs/b4nLLK65eMFa16topa', 'https://xqxls-oss.oss-cn-shenzhen.aliyuncs.com/mall/icon/github_icon_01.png', 'xqxls@qq.com', 'xqxls', 'xqxls专用', '2019-10-06 15:53:51', '2020-02-03 14:55:55', 1);
INSERT INTO `ums_admin` VALUES (6, 'productAdmin', '$2a$10$6/.J.p.6Bhn7ic4GfoB5D.pGd7xSiD1a9M6ht6yO0fxzlKJPjRAGm', 'https://xqxls-oss.oss-cn-shenzhen.aliyuncs.com/mall/icon/github_icon_03.png', 'product@qq.com', '商品管理员', '只有商品权限', '2020-02-07 16:15:08', NULL, 1);
INSERT INTO `ums_admin` VALUES (7, 'orderAdmin', '$2a$10$UqEhA9UZXjHHA3B.L9wNG.6aerrBjC6WHTtbv1FdvYPUI.7lkL6E.', 'https://xqxls-oss.oss-cn-shenzhen.aliyuncs.com/mall/icon/github_icon_04.png', 'order@qq.com', '订单管理员', '只有订单管理权限', '2020-02-07 16:15:50', NULL, 1);
INSERT INTO `ums_admin` VALUES (8, 'test123', '$2a$10$M1qJguEzwoAN0la7PB8UO.HOGe1xZGku7xw1iTaUUpY0ZVRCxrxoO', 'string', 'abc@qq.com', 'string', 'string', '2022-08-07 14:45:42', NULL, 1);
INSERT INTO `ums_admin` VALUES (9, 'test256', '$2a$10$kTMBrt8mkXcO8T4eHThFWOf3KuNK6tqevkiAf4YbtXtaCJ6ocYkJa', 'string', 'abc@qq.com', 'string', 'string', '2022-08-07 14:52:57', NULL, 1);
INSERT INTO `ums_admin` VALUES (10, 'test1267', '$2a$10$VUywDhXVPY13YZxMD/uPWeDqkzSozN7o8u/3MX6sBig2NK2VaTJZ2', NULL, 'test1267@qq.com', 'test1267', 'test1267', '2023-01-04 16:13:34', NULL, 1);

-- ----------------------------
-- Table structure for ums_admin_login_log
-- ----------------------------
DROP TABLE IF EXISTS `ums_admin_login_log`;
CREATE TABLE `ums_admin_login_log`  (
  `id` bigint(20) NOT NULL AUTO_INCREMENT,
  `admin_id` bigint(20) NULL DEFAULT NULL,
  `create_time` datetime NULL DEFAULT NULL,
  `ip` varchar(64) CHARACTER SET utf8 COLLATE utf8_general_ci NULL DEFAULT NULL,
  `address` varchar(100) CHARACTER SET utf8 COLLATE utf8_general_ci NULL DEFAULT NULL,
  `user_agent` varchar(100) CHARACTER SET utf8 COLLATE utf8_general_ci NULL DEFAULT NULL COMMENT '浏览器登录类型',
  PRIMARY KEY (`id`) USING BTREE
) ENGINE = InnoDB AUTO_INCREMENT = 412 CHARACTER SET = utf8 COLLATE = utf8_general_ci COMMENT = '后台用户登录日志表' ROW_FORMAT = Dynamic;

-- ----------------------------
-- Records of ums_admin_login_log
-- ----------------------------
INSERT INTO `ums_admin_login_log` VALUES (1, 3, '2018-12-23 14:27:00', '0:0:0:0:0:0:0:1', NULL, NULL);
INSERT INTO `ums_admin_login_log` VALUES (2, 3, '2019-04-07 16:04:39', '0:0:0:0:0:0:0:1', NULL, NULL);
INSERT INTO `ums_admin_login_log` VALUES (3, 3, '2019-04-08 21:47:52', '0:0:0:0:0:0:0:1', NULL, NULL);
INSERT INTO `ums_admin_login_log` VALUES (4, 3, '2019-04-08 21:48:18', '0:0:0:0:0:0:0:1', NULL, NULL);
INSERT INTO `ums_admin_login_log` VALUES (5, 3, '2019-04-18 22:18:40', '0:0:0:0:0:0:0:1', NULL, NULL);
INSERT INTO `ums_admin_login_log` VALUES (6, 3, '2019-04-20 12:45:16', '0:0:0:0:0:0:0:1', NULL, NULL);
INSERT INTO `ums_admin_login_log` VALUES (7, 3, '2019-05-19 14:52:12', '0:0:0:0:0:0:0:1', NULL, NULL);
INSERT INTO `ums_admin_login_log` VALUES (8, 3, '2019-05-25 15:00:17', '0:0:0:0:0:0:0:1', NULL, NULL);
INSERT INTO `ums_admin_login_log` VALUES (9, 3, '2019-06-19 20:11:42', '0:0:0:0:0:0:0:1', NULL, NULL);
INSERT INTO `ums_admin_login_log` VALUES (10, 3, '2019-06-30 10:33:48', '0:0:0:0:0:0:0:1', NULL, NULL);
INSERT INTO `ums_admin_login_log` VALUES (11, 3, '2019-06-30 10:34:31', '0:0:0:0:0:0:0:1', NULL, NULL);
INSERT INTO `ums_admin_login_log` VALUES (12, 3, '2019-06-30 10:35:34', '0:0:0:0:0:0:0:1', NULL, NULL);
INSERT INTO `ums_admin_login_log` VALUES (13, 3, '2019-07-27 17:11:01', '0:0:0:0:0:0:0:1', NULL, NULL);
INSERT INTO `ums_admin_login_log` VALUES (14, 3, '2019-07-27 17:13:18', '0:0:0:0:0:0:0:1', NULL, NULL);
INSERT INTO `ums_admin_login_log` VALUES (15, 3, '2019-07-27 17:15:35', '0:0:0:0:0:0:0:1', NULL, NULL);
INSERT INTO `ums_admin_login_log` VALUES (16, 3, '2019-07-27 17:17:11', '0:0:0:0:0:0:0:1', NULL, NULL);
INSERT INTO `ums_admin_login_log` VALUES (17, 3, '2019-07-27 17:18:34', '0:0:0:0:0:0:0:1', NULL, NULL);
INSERT INTO `ums_admin_login_log` VALUES (18, 3, '2019-07-27 21:21:52', '0:0:0:0:0:0:0:1', NULL, NULL);
INSERT INTO `ums_admin_login_log` VALUES (19, 3, '2019-07-27 21:34:29', '0:0:0:0:0:0:0:1', NULL, NULL);
INSERT INTO `ums_admin_login_log` VALUES (20, 3, '2019-07-27 21:35:17', '0:0:0:0:0:0:0:1', NULL, NULL);
INSERT INTO `ums_admin_login_log` VALUES (21, 3, '2019-07-27 21:35:48', '0:0:0:0:0:0:0:1', NULL, NULL);
INSERT INTO `ums_admin_login_log` VALUES (22, 3, '2019-07-27 21:40:33', '0:0:0:0:0:0:0:1', NULL, NULL);
INSERT INTO `ums_admin_login_log` VALUES (23, 3, '2019-08-18 16:00:38', '0:0:0:0:0:0:0:1', NULL, NULL);
INSERT INTO `ums_admin_login_log` VALUES (24, 3, '2019-08-18 16:01:06', '0:0:0:0:0:0:0:1', NULL, NULL);
INSERT INTO `ums_admin_login_log` VALUES (25, 3, '2019-08-18 16:47:01', '0:0:0:0:0:0:0:1', NULL, NULL);
INSERT INTO `ums_admin_login_log` VALUES (26, 3, '2019-10-06 15:54:23', '0:0:0:0:0:0:0:1', NULL, NULL);
INSERT INTO `ums_admin_login_log` VALUES (27, 3, '2019-10-06 16:03:28', '0:0:0:0:0:0:0:1', NULL, NULL);
INSERT INTO `ums_admin_login_log` VALUES (28, 3, '2019-10-06 16:04:51', '0:0:0:0:0:0:0:1', NULL, NULL);
INSERT INTO `ums_admin_login_log` VALUES (29, 3, '2019-10-06 16:06:44', '0:0:0:0:0:0:0:1', NULL, NULL);
INSERT INTO `ums_admin_login_log` VALUES (30, 3, '2019-10-06 16:14:51', '0:0:0:0:0:0:0:1', NULL, NULL);
INSERT INTO `ums_admin_login_log` VALUES (31, 1, '2019-10-06 16:15:09', '0:0:0:0:0:0:0:1', NULL, NULL);
INSERT INTO `ums_admin_login_log` VALUES (32, 1, '2019-10-06 16:16:14', '0:0:0:0:0:0:0:1', NULL, NULL);
INSERT INTO `ums_admin_login_log` VALUES (33, 3, '2019-10-06 16:16:35', '0:0:0:0:0:0:0:1', NULL, NULL);
INSERT INTO `ums_admin_login_log` VALUES (34, 3, '2019-10-06 16:16:42', '0:0:0:0:0:0:0:1', NULL, NULL);
INSERT INTO `ums_admin_login_log` VALUES (35, 3, '2019-10-07 15:20:48', '0:0:0:0:0:0:0:1', NULL, NULL);
INSERT INTO `ums_admin_login_log` VALUES (36, 3, '2019-10-07 15:40:07', '0:0:0:0:0:0:0:1', NULL, NULL);
INSERT INTO `ums_admin_login_log` VALUES (37, 3, '2019-10-07 16:34:15', '0:0:0:0:0:0:0:1', NULL, NULL);
INSERT INTO `ums_admin_login_log` VALUES (38, 3, '2019-10-09 21:19:08', '0:0:0:0:0:0:0:1', NULL, NULL);
INSERT INTO `ums_admin_login_log` VALUES (39, 4, '2019-10-09 21:30:35', '0:0:0:0:0:0:0:1', NULL, NULL);
INSERT INTO `ums_admin_login_log` VALUES (40, 4, '2019-10-09 21:31:30', '0:0:0:0:0:0:0:1', NULL, NULL);
INSERT INTO `ums_admin_login_log` VALUES (41, 4, '2019-10-09 21:32:39', '0:0:0:0:0:0:0:1', NULL, NULL);
INSERT INTO `ums_admin_login_log` VALUES (42, 4, '2019-10-09 21:33:27', '0:0:0:0:0:0:0:1', NULL, NULL);
INSERT INTO `ums_admin_login_log` VALUES (43, 4, '2019-10-09 21:33:50', '0:0:0:0:0:0:0:1', NULL, NULL);
INSERT INTO `ums_admin_login_log` VALUES (44, 3, '2019-10-20 16:02:53', '0:0:0:0:0:0:0:1', NULL, NULL);
INSERT INTO `ums_admin_login_log` VALUES (45, 3, '2019-10-23 21:20:55', '0:0:0:0:0:0:0:1', NULL, NULL);
INSERT INTO `ums_admin_login_log` VALUES (46, 3, '2019-10-27 21:41:45', '0:0:0:0:0:0:0:1', NULL, NULL);
INSERT INTO `ums_admin_login_log` VALUES (47, 3, '2019-11-09 16:44:57', '0:0:0:0:0:0:0:1', NULL, NULL);
INSERT INTO `ums_admin_login_log` VALUES (48, 3, '2019-11-09 16:46:56', '0:0:0:0:0:0:0:1', NULL, NULL);
INSERT INTO `ums_admin_login_log` VALUES (49, 3, '2019-11-09 16:49:55', '0:0:0:0:0:0:0:1', NULL, NULL);
INSERT INTO `ums_admin_login_log` VALUES (50, 3, '2019-11-23 14:17:16', '0:0:0:0:0:0:0:1', NULL, NULL);
INSERT INTO `ums_admin_login_log` VALUES (51, 6, '2019-11-23 14:52:30', '0:0:0:0:0:0:0:1', NULL, NULL);
INSERT INTO `ums_admin_login_log` VALUES (52, 3, '2019-11-23 15:07:24', '0:0:0:0:0:0:0:1', NULL, NULL);
INSERT INTO `ums_admin_login_log` VALUES (53, 3, '2019-11-30 21:25:30', '192.168.3.185', NULL, NULL);
INSERT INTO `ums_admin_login_log` VALUES (54, 3, '2019-11-30 21:27:54', '192.168.3.185', NULL, NULL);
INSERT INTO `ums_admin_login_log` VALUES (55, 3, '2019-12-28 15:23:01', '0:0:0:0:0:0:0:1', NULL, NULL);
INSERT INTO `ums_admin_login_log` VALUES (56, 3, '2020-01-01 15:21:46', '0:0:0:0:0:0:0:1', NULL, NULL);
INSERT INTO `ums_admin_login_log` VALUES (57, 3, '2020-01-04 16:00:54', '192.168.3.185', NULL, NULL);
INSERT INTO `ums_admin_login_log` VALUES (58, 3, '2020-02-01 15:05:19', '0:0:0:0:0:0:0:1', NULL, NULL);
INSERT INTO `ums_admin_login_log` VALUES (59, 3, '2020-02-01 15:36:05', '0:0:0:0:0:0:0:1', NULL, NULL);
INSERT INTO `ums_admin_login_log` VALUES (60, 3, '2020-02-01 15:36:36', '0:0:0:0:0:0:0:1', NULL, NULL);
INSERT INTO `ums_admin_login_log` VALUES (61, 3, '2020-02-01 15:37:30', '0:0:0:0:0:0:0:1', NULL, NULL);
INSERT INTO `ums_admin_login_log` VALUES (62, 3, '2020-02-01 15:37:46', '0:0:0:0:0:0:0:1', NULL, NULL);
INSERT INTO `ums_admin_login_log` VALUES (63, 3, '2020-02-01 15:38:20', '0:0:0:0:0:0:0:1', NULL, NULL);
INSERT INTO `ums_admin_login_log` VALUES (64, 3, '2020-02-01 15:38:33', '0:0:0:0:0:0:0:1', NULL, NULL);
INSERT INTO `ums_admin_login_log` VALUES (65, 3, '2020-02-01 15:39:06', '0:0:0:0:0:0:0:1', NULL, NULL);
INSERT INTO `ums_admin_login_log` VALUES (66, 3, '2020-02-01 15:41:31', '0:0:0:0:0:0:0:1', NULL, NULL);
INSERT INTO `ums_admin_login_log` VALUES (67, 3, '2020-02-01 15:43:17', '0:0:0:0:0:0:0:1', NULL, NULL);
INSERT INTO `ums_admin_login_log` VALUES (68, 3, '2020-02-01 15:44:34', '0:0:0:0:0:0:0:1', NULL, NULL);
INSERT INTO `ums_admin_login_log` VALUES (69, 3, '2020-02-01 15:45:10', '0:0:0:0:0:0:0:1', NULL, NULL);
INSERT INTO `ums_admin_login_log` VALUES (70, 3, '2020-02-01 15:46:04', '0:0:0:0:0:0:0:1', NULL, NULL);
INSERT INTO `ums_admin_login_log` VALUES (71, 3, '2020-02-01 15:48:33', '0:0:0:0:0:0:0:1', NULL, NULL);
INSERT INTO `ums_admin_login_log` VALUES (72, 3, '2020-02-01 16:00:07', '0:0:0:0:0:0:0:1', NULL, NULL);
INSERT INTO `ums_admin_login_log` VALUES (73, 3, '2020-02-01 16:07:25', '0:0:0:0:0:0:0:1', NULL, NULL);
INSERT INTO `ums_admin_login_log` VALUES (74, 3, '2020-02-01 16:08:22', '0:0:0:0:0:0:0:1', NULL, NULL);
INSERT INTO `ums_admin_login_log` VALUES (75, 3, '2020-02-02 15:28:13', '0:0:0:0:0:0:0:1', NULL, NULL);
INSERT INTO `ums_admin_login_log` VALUES (76, 3, '2020-02-02 15:44:37', '0:0:0:0:0:0:0:1', NULL, NULL);
INSERT INTO `ums_admin_login_log` VALUES (77, 3, '2020-02-02 15:45:25', '0:0:0:0:0:0:0:1', NULL, NULL);
INSERT INTO `ums_admin_login_log` VALUES (78, 3, '2020-02-02 15:52:32', '0:0:0:0:0:0:0:1', NULL, NULL);
INSERT INTO `ums_admin_login_log` VALUES (79, 3, '2020-02-02 15:53:44', '0:0:0:0:0:0:0:1', NULL, NULL);
INSERT INTO `ums_admin_login_log` VALUES (80, 3, '2020-02-02 15:54:36', '0:0:0:0:0:0:0:1', NULL, NULL);
INSERT INTO `ums_admin_login_log` VALUES (81, 3, '2020-02-02 16:01:00', '0:0:0:0:0:0:0:1', NULL, NULL);
INSERT INTO `ums_admin_login_log` VALUES (82, 3, '2020-02-02 16:05:19', '0:0:0:0:0:0:0:1', NULL, NULL);
INSERT INTO `ums_admin_login_log` VALUES (83, 3, '2020-02-02 16:06:31', '0:0:0:0:0:0:0:1', NULL, NULL);
INSERT INTO `ums_admin_login_log` VALUES (84, 3, '2020-02-02 16:17:26', '0:0:0:0:0:0:0:1', NULL, NULL);
INSERT INTO `ums_admin_login_log` VALUES (85, 3, '2020-02-02 16:18:45', '0:0:0:0:0:0:0:1', NULL, NULL);
INSERT INTO `ums_admin_login_log` VALUES (86, 3, '2020-02-02 16:19:05', '0:0:0:0:0:0:0:1', NULL, NULL);
INSERT INTO `ums_admin_login_log` VALUES (87, 3, '2020-02-02 16:19:23', '0:0:0:0:0:0:0:1', NULL, NULL);
INSERT INTO `ums_admin_login_log` VALUES (88, 3, '2020-02-02 16:22:27', '0:0:0:0:0:0:0:1', NULL, NULL);
INSERT INTO `ums_admin_login_log` VALUES (89, 3, '2020-02-02 16:23:30', '0:0:0:0:0:0:0:1', NULL, NULL);
INSERT INTO `ums_admin_login_log` VALUES (90, 3, '2020-02-02 16:23:48', '0:0:0:0:0:0:0:1', NULL, NULL);
INSERT INTO `ums_admin_login_log` VALUES (91, 3, '2020-02-02 16:24:38', '0:0:0:0:0:0:0:1', NULL, NULL);
INSERT INTO `ums_admin_login_log` VALUES (92, 3, '2020-02-02 16:25:22', '0:0:0:0:0:0:0:1', NULL, NULL);
INSERT INTO `ums_admin_login_log` VALUES (93, 3, '2020-02-02 16:26:19', '0:0:0:0:0:0:0:1', NULL, NULL);
INSERT INTO `ums_admin_login_log` VALUES (94, 3, '2020-02-02 16:26:31', '0:0:0:0:0:0:0:1', NULL, NULL);
INSERT INTO `ums_admin_login_log` VALUES (95, 3, '2020-02-02 16:27:08', '0:0:0:0:0:0:0:1', NULL, NULL);
INSERT INTO `ums_admin_login_log` VALUES (96, 3, '2020-02-02 16:31:02', '0:0:0:0:0:0:0:1', NULL, NULL);
INSERT INTO `ums_admin_login_log` VALUES (97, 3, '2020-02-02 16:31:08', '0:0:0:0:0:0:0:1', NULL, NULL);
INSERT INTO `ums_admin_login_log` VALUES (98, 3, '2020-02-02 16:31:25', '0:0:0:0:0:0:0:1', NULL, NULL);
INSERT INTO `ums_admin_login_log` VALUES (99, 3, '2020-02-02 16:31:50', '0:0:0:0:0:0:0:1', NULL, NULL);
INSERT INTO `ums_admin_login_log` VALUES (100, 3, '2020-02-02 16:33:22', '0:0:0:0:0:0:0:1', NULL, NULL);
INSERT INTO `ums_admin_login_log` VALUES (101, 3, '2020-02-02 16:33:41', '0:0:0:0:0:0:0:1', NULL, NULL);
INSERT INTO `ums_admin_login_log` VALUES (102, 3, '2020-02-02 16:34:58', '0:0:0:0:0:0:0:1', NULL, NULL);
INSERT INTO `ums_admin_login_log` VALUES (103, 3, '2020-02-02 16:38:42', '0:0:0:0:0:0:0:1', NULL, NULL);
INSERT INTO `ums_admin_login_log` VALUES (104, 3, '2020-02-02 16:39:41', '0:0:0:0:0:0:0:1', NULL, NULL);
INSERT INTO `ums_admin_login_log` VALUES (105, 3, '2020-02-02 16:42:22', '0:0:0:0:0:0:0:1', NULL, NULL);
INSERT INTO `ums_admin_login_log` VALUES (106, 3, '2020-02-02 16:46:21', '0:0:0:0:0:0:0:1', NULL, NULL);
INSERT INTO `ums_admin_login_log` VALUES (107, 3, '2020-02-02 16:50:23', '0:0:0:0:0:0:0:1', NULL, NULL);
INSERT INTO `ums_admin_login_log` VALUES (108, 3, '2020-02-02 16:51:11', '0:0:0:0:0:0:0:1', NULL, NULL);
INSERT INTO `ums_admin_login_log` VALUES (109, 3, '2020-02-02 16:51:22', '0:0:0:0:0:0:0:1', NULL, NULL);
INSERT INTO `ums_admin_login_log` VALUES (110, 3, '2020-02-02 16:52:00', '0:0:0:0:0:0:0:1', NULL, NULL);
INSERT INTO `ums_admin_login_log` VALUES (111, 3, '2020-02-02 17:01:05', '0:0:0:0:0:0:0:1', NULL, NULL);
INSERT INTO `ums_admin_login_log` VALUES (112, 3, '2020-02-03 10:43:22', '0:0:0:0:0:0:0:1', NULL, NULL);
INSERT INTO `ums_admin_login_log` VALUES (113, 3, '2020-02-03 10:45:29', '0:0:0:0:0:0:0:1', NULL, NULL);
INSERT INTO `ums_admin_login_log` VALUES (114, 3, '2020-02-03 10:46:33', '0:0:0:0:0:0:0:1', NULL, NULL);
INSERT INTO `ums_admin_login_log` VALUES (115, 3, '2020-02-03 10:54:33', '0:0:0:0:0:0:0:1', NULL, NULL);
INSERT INTO `ums_admin_login_log` VALUES (116, 3, '2020-02-03 14:24:47', '0:0:0:0:0:0:0:1', NULL, NULL);
INSERT INTO `ums_admin_login_log` VALUES (117, 3, '2020-02-03 14:25:38', '0:0:0:0:0:0:0:1', NULL, NULL);
INSERT INTO `ums_admin_login_log` VALUES (118, 5, '2020-02-03 15:22:28', '0:0:0:0:0:0:0:1', NULL, NULL);
INSERT INTO `ums_admin_login_log` VALUES (119, 5, '2020-02-03 15:23:00', '0:0:0:0:0:0:0:1', NULL, NULL);
INSERT INTO `ums_admin_login_log` VALUES (120, 5, '2020-02-03 15:24:29', '0:0:0:0:0:0:0:1', NULL, NULL);
INSERT INTO `ums_admin_login_log` VALUES (121, 3, '2020-02-03 15:24:50', '0:0:0:0:0:0:0:1', NULL, NULL);
INSERT INTO `ums_admin_login_log` VALUES (122, 5, '2020-02-03 15:27:18', '0:0:0:0:0:0:0:1', NULL, NULL);
INSERT INTO `ums_admin_login_log` VALUES (123, 3, '2020-02-03 15:27:33', '0:0:0:0:0:0:0:1', NULL, NULL);
INSERT INTO `ums_admin_login_log` VALUES (124, 3, '2020-02-03 15:29:06', '0:0:0:0:0:0:0:1', NULL, NULL);
INSERT INTO `ums_admin_login_log` VALUES (125, 5, '2020-02-03 15:33:25', '0:0:0:0:0:0:0:1', NULL, NULL);
INSERT INTO `ums_admin_login_log` VALUES (126, 3, '2020-02-03 15:33:51', '0:0:0:0:0:0:0:1', NULL, NULL);
INSERT INTO `ums_admin_login_log` VALUES (127, 1, '2020-02-03 15:34:35', '0:0:0:0:0:0:0:1', NULL, NULL);
INSERT INTO `ums_admin_login_log` VALUES (128, 3, '2020-02-03 15:34:47', '0:0:0:0:0:0:0:1', NULL, NULL);
INSERT INTO `ums_admin_login_log` VALUES (129, 3, '2020-02-04 14:14:46', '0:0:0:0:0:0:0:1', NULL, NULL);
INSERT INTO `ums_admin_login_log` VALUES (130, 3, '2020-02-05 10:33:35', '0:0:0:0:0:0:0:1', NULL, NULL);
INSERT INTO `ums_admin_login_log` VALUES (131, 3, '2020-02-05 10:36:21', '0:0:0:0:0:0:0:1', NULL, NULL);
INSERT INTO `ums_admin_login_log` VALUES (132, 3, '2020-02-05 16:34:37', '0:0:0:0:0:0:0:1', NULL, NULL);
INSERT INTO `ums_admin_login_log` VALUES (133, 4, '2020-02-05 16:58:37', '0:0:0:0:0:0:0:1', NULL, NULL);
INSERT INTO `ums_admin_login_log` VALUES (134, 3, '2020-02-05 16:59:03', '0:0:0:0:0:0:0:1', NULL, NULL);
INSERT INTO `ums_admin_login_log` VALUES (135, 3, '2020-02-06 10:25:02', '0:0:0:0:0:0:0:1', NULL, NULL);
INSERT INTO `ums_admin_login_log` VALUES (136, 3, '2020-02-07 14:34:34', '0:0:0:0:0:0:0:1', NULL, NULL);
INSERT INTO `ums_admin_login_log` VALUES (137, 3, '2020-02-07 14:36:20', '0:0:0:0:0:0:0:1', NULL, NULL);
INSERT INTO `ums_admin_login_log` VALUES (138, 1, '2020-02-07 14:43:34', '0:0:0:0:0:0:0:1', NULL, NULL);
INSERT INTO `ums_admin_login_log` VALUES (139, 3, '2020-02-07 15:18:06', '0:0:0:0:0:0:0:1', NULL, NULL);
INSERT INTO `ums_admin_login_log` VALUES (140, 3, '2020-02-07 15:20:07', '0:0:0:0:0:0:0:1', NULL, NULL);
INSERT INTO `ums_admin_login_log` VALUES (141, 3, '2020-02-07 15:22:20', '0:0:0:0:0:0:0:1', NULL, NULL);
INSERT INTO `ums_admin_login_log` VALUES (142, 3, '2020-02-07 15:22:28', '0:0:0:0:0:0:0:1', NULL, NULL);
INSERT INTO `ums_admin_login_log` VALUES (143, 3, '2020-02-07 15:55:11', '0:0:0:0:0:0:0:1', NULL, NULL);
INSERT INTO `ums_admin_login_log` VALUES (144, 3, '2020-02-07 15:56:04', '0:0:0:0:0:0:0:1', NULL, NULL);
INSERT INTO `ums_admin_login_log` VALUES (145, 3, '2020-02-07 15:58:49', '0:0:0:0:0:0:0:1', NULL, NULL);
INSERT INTO `ums_admin_login_log` VALUES (146, 6, '2020-02-07 16:16:21', '0:0:0:0:0:0:0:1', NULL, NULL);
INSERT INTO `ums_admin_login_log` VALUES (147, 7, '2020-02-07 16:16:37', '0:0:0:0:0:0:0:1', NULL, NULL);
INSERT INTO `ums_admin_login_log` VALUES (148, 3, '2020-02-07 16:18:39', '0:0:0:0:0:0:0:1', NULL, NULL);
INSERT INTO `ums_admin_login_log` VALUES (149, 7, '2020-02-07 16:20:06', '0:0:0:0:0:0:0:1', NULL, NULL);
INSERT INTO `ums_admin_login_log` VALUES (150, 3, '2020-02-07 16:20:44', '0:0:0:0:0:0:0:1', NULL, NULL);
INSERT INTO `ums_admin_login_log` VALUES (151, 3, '2020-02-07 16:32:31', '0:0:0:0:0:0:0:1', NULL, NULL);
INSERT INTO `ums_admin_login_log` VALUES (152, 3, '2020-02-07 19:32:34', '0:0:0:0:0:0:0:1', NULL, NULL);
INSERT INTO `ums_admin_login_log` VALUES (153, 3, '2020-02-07 19:32:48', '0:0:0:0:0:0:0:1', NULL, NULL);
INSERT INTO `ums_admin_login_log` VALUES (154, 3, '2020-02-07 19:33:01', '0:0:0:0:0:0:0:1', NULL, NULL);
INSERT INTO `ums_admin_login_log` VALUES (155, 3, '2020-02-07 19:33:06', '0:0:0:0:0:0:0:1', NULL, NULL);
INSERT INTO `ums_admin_login_log` VALUES (156, 3, '2020-02-07 19:33:21', '0:0:0:0:0:0:0:1', NULL, NULL);
INSERT INTO `ums_admin_login_log` VALUES (157, 3, '2020-02-07 19:35:33', '0:0:0:0:0:0:0:1', NULL, NULL);
INSERT INTO `ums_admin_login_log` VALUES (158, 3, '2020-02-07 19:37:10', '0:0:0:0:0:0:0:1', NULL, NULL);
INSERT INTO `ums_admin_login_log` VALUES (159, 3, '2020-02-07 19:37:14', '0:0:0:0:0:0:0:1', NULL, NULL);
INSERT INTO `ums_admin_login_log` VALUES (160, 3, '2020-02-07 19:37:25', '0:0:0:0:0:0:0:1', NULL, NULL);
INSERT INTO `ums_admin_login_log` VALUES (161, 3, '2020-02-07 19:45:41', '0:0:0:0:0:0:0:1', NULL, NULL);
INSERT INTO `ums_admin_login_log` VALUES (162, 3, '2020-02-07 19:47:45', '0:0:0:0:0:0:0:1', NULL, NULL);
INSERT INTO `ums_admin_login_log` VALUES (163, 3, '2020-02-07 20:02:25', '0:0:0:0:0:0:0:1', NULL, NULL);
INSERT INTO `ums_admin_login_log` VALUES (164, 6, '2020-02-07 20:10:55', '0:0:0:0:0:0:0:1', NULL, NULL);
INSERT INTO `ums_admin_login_log` VALUES (165, 6, '2020-02-07 20:11:02', '0:0:0:0:0:0:0:1', NULL, NULL);
INSERT INTO `ums_admin_login_log` VALUES (166, 6, '2020-02-07 20:13:44', '0:0:0:0:0:0:0:1', NULL, NULL);
INSERT INTO `ums_admin_login_log` VALUES (167, 6, '2020-02-07 20:17:14', '0:0:0:0:0:0:0:1', NULL, NULL);
INSERT INTO `ums_admin_login_log` VALUES (168, 3, '2020-02-07 20:17:44', '0:0:0:0:0:0:0:1', NULL, NULL);
INSERT INTO `ums_admin_login_log` VALUES (169, 6, '2020-02-07 20:18:13', '0:0:0:0:0:0:0:1', NULL, NULL);
INSERT INTO `ums_admin_login_log` VALUES (170, 3, '2020-02-10 10:28:14', '0:0:0:0:0:0:0:1', NULL, NULL);
INSERT INTO `ums_admin_login_log` VALUES (171, 3, '2020-02-10 10:45:15', '0:0:0:0:0:0:0:1', NULL, NULL);
INSERT INTO `ums_admin_login_log` VALUES (172, 3, '2020-02-10 10:57:46', '0:0:0:0:0:0:0:1', NULL, NULL);
INSERT INTO `ums_admin_login_log` VALUES (173, 3, '2020-02-10 10:59:06', '0:0:0:0:0:0:0:1', NULL, NULL);
INSERT INTO `ums_admin_login_log` VALUES (174, 3, '2020-02-10 11:04:19', '0:0:0:0:0:0:0:1', NULL, NULL);
INSERT INTO `ums_admin_login_log` VALUES (175, 3, '2020-02-10 11:05:55', '0:0:0:0:0:0:0:1', NULL, NULL);
INSERT INTO `ums_admin_login_log` VALUES (176, 3, '2020-02-10 11:06:45', '0:0:0:0:0:0:0:1', NULL, NULL);
INSERT INTO `ums_admin_login_log` VALUES (177, 3, '2020-02-10 11:07:41', '0:0:0:0:0:0:0:1', NULL, NULL);
INSERT INTO `ums_admin_login_log` VALUES (178, 3, '2020-02-10 11:08:13', '0:0:0:0:0:0:0:1', NULL, NULL);
INSERT INTO `ums_admin_login_log` VALUES (179, 3, '2020-02-10 11:10:02', '0:0:0:0:0:0:0:1', NULL, NULL);
INSERT INTO `ums_admin_login_log` VALUES (180, 6, '2020-02-10 14:25:17', '0:0:0:0:0:0:0:1', NULL, NULL);
INSERT INTO `ums_admin_login_log` VALUES (181, 6, '2020-02-10 14:29:14', '0:0:0:0:0:0:0:1', NULL, NULL);
INSERT INTO `ums_admin_login_log` VALUES (182, 3, '2020-02-10 16:09:16', '0:0:0:0:0:0:0:1', NULL, NULL);
INSERT INTO `ums_admin_login_log` VALUES (183, 3, '2020-02-20 14:39:19', '0:0:0:0:0:0:0:1', NULL, NULL);
INSERT INTO `ums_admin_login_log` VALUES (184, 8, '2020-02-20 17:14:58', '0:0:0:0:0:0:0:1', NULL, NULL);
INSERT INTO `ums_admin_login_log` VALUES (185, 8, '2020-02-20 17:17:04', '0:0:0:0:0:0:0:1', NULL, NULL);
INSERT INTO `ums_admin_login_log` VALUES (186, 8, '2020-02-20 17:17:42', '0:0:0:0:0:0:0:1', NULL, NULL);
INSERT INTO `ums_admin_login_log` VALUES (187, 8, '2020-02-21 10:26:56', '0:0:0:0:0:0:0:1', NULL, NULL);
INSERT INTO `ums_admin_login_log` VALUES (188, 8, '2020-02-21 10:28:54', '0:0:0:0:0:0:0:1', NULL, NULL);
INSERT INTO `ums_admin_login_log` VALUES (189, 8, '2020-02-21 10:32:25', '0:0:0:0:0:0:0:1', NULL, NULL);
INSERT INTO `ums_admin_login_log` VALUES (190, 8, '2020-02-21 10:33:41', '0:0:0:0:0:0:0:1', NULL, NULL);
INSERT INTO `ums_admin_login_log` VALUES (191, 8, '2020-02-21 10:35:58', '0:0:0:0:0:0:0:1', NULL, NULL);
INSERT INTO `ums_admin_login_log` VALUES (192, 8, '2020-02-21 10:36:49', '0:0:0:0:0:0:0:1', NULL, NULL);
INSERT INTO `ums_admin_login_log` VALUES (193, 3, '2020-02-21 11:10:11', '0:0:0:0:0:0:0:1', NULL, NULL);
INSERT INTO `ums_admin_login_log` VALUES (194, 3, '2020-02-25 16:11:13', '0:0:0:0:0:0:0:1', NULL, NULL);
INSERT INTO `ums_admin_login_log` VALUES (195, 3, '2020-02-25 16:46:29', '0:0:0:0:0:0:0:1', NULL, NULL);
INSERT INTO `ums_admin_login_log` VALUES (196, 3, '2020-03-07 16:33:59', '192.168.3.185', NULL, NULL);
INSERT INTO `ums_admin_login_log` VALUES (197, 6, '2020-03-07 16:35:38', '192.168.3.185', NULL, NULL);
INSERT INTO `ums_admin_login_log` VALUES (198, 3, '2020-03-07 17:00:09', '192.168.3.185', NULL, NULL);
INSERT INTO `ums_admin_login_log` VALUES (199, 3, '2020-03-14 14:32:08', '0:0:0:0:0:0:0:1', NULL, NULL);
INSERT INTO `ums_admin_login_log` VALUES (200, 8, '2020-03-14 14:32:59', '0:0:0:0:0:0:0:1', NULL, NULL);
INSERT INTO `ums_admin_login_log` VALUES (201, 3, '2020-03-14 14:33:26', '0:0:0:0:0:0:0:1', NULL, NULL);
INSERT INTO `ums_admin_login_log` VALUES (202, 8, '2020-03-14 14:34:57', '0:0:0:0:0:0:0:1', NULL, NULL);
INSERT INTO `ums_admin_login_log` VALUES (203, 3, '2020-03-14 14:35:23', '0:0:0:0:0:0:0:1', NULL, NULL);
INSERT INTO `ums_admin_login_log` VALUES (204, 8, '2020-03-14 14:36:31', '0:0:0:0:0:0:0:1', NULL, NULL);
INSERT INTO `ums_admin_login_log` VALUES (205, 3, '2020-03-14 14:36:51', '0:0:0:0:0:0:0:1', NULL, NULL);
INSERT INTO `ums_admin_login_log` VALUES (206, 8, '2020-03-14 14:37:31', '0:0:0:0:0:0:0:1', NULL, NULL);
INSERT INTO `ums_admin_login_log` VALUES (207, 3, '2020-03-14 14:37:44', '0:0:0:0:0:0:0:1', NULL, NULL);
INSERT INTO `ums_admin_login_log` VALUES (208, 8, '2020-03-14 14:38:30', '0:0:0:0:0:0:0:1', NULL, NULL);
INSERT INTO `ums_admin_login_log` VALUES (209, 3, '2020-03-14 14:38:50', '0:0:0:0:0:0:0:1', NULL, NULL);
INSERT INTO `ums_admin_login_log` VALUES (210, 8, '2020-03-14 14:39:26', '0:0:0:0:0:0:0:1', NULL, NULL);
INSERT INTO `ums_admin_login_log` VALUES (211, 3, '2020-03-14 14:39:41', '0:0:0:0:0:0:0:1', NULL, NULL);
INSERT INTO `ums_admin_login_log` VALUES (212, 3, '2020-03-15 14:23:54', '0:0:0:0:0:0:0:1', NULL, NULL);
INSERT INTO `ums_admin_login_log` VALUES (213, 3, '2020-03-22 14:33:17', '0:0:0:0:0:0:0:1', NULL, NULL);
INSERT INTO `ums_admin_login_log` VALUES (214, 3, '2020-03-22 14:59:51', '0:0:0:0:0:0:0:1', NULL, NULL);
INSERT INTO `ums_admin_login_log` VALUES (215, 3, '2020-03-22 15:04:32', '0:0:0:0:0:0:0:1', NULL, NULL);
INSERT INTO `ums_admin_login_log` VALUES (216, 3, '2020-03-29 16:14:37', '0:0:0:0:0:0:0:1', NULL, NULL);
INSERT INTO `ums_admin_login_log` VALUES (217, 3, '2020-03-29 17:17:00', '0:0:0:0:0:0:0:1', NULL, NULL);
INSERT INTO `ums_admin_login_log` VALUES (218, 3, '2020-04-06 16:54:49', '0:0:0:0:0:0:0:1', NULL, NULL);
INSERT INTO `ums_admin_login_log` VALUES (219, 3, '2020-04-12 15:01:40', '0:0:0:0:0:0:0:1', NULL, NULL);
INSERT INTO `ums_admin_login_log` VALUES (220, 3, '2020-04-19 09:50:59', '0:0:0:0:0:0:0:1', NULL, NULL);
INSERT INTO `ums_admin_login_log` VALUES (221, 3, '2020-05-04 10:45:45', '0:0:0:0:0:0:0:1', NULL, NULL);
INSERT INTO `ums_admin_login_log` VALUES (222, 3, '2020-05-05 11:02:44', '0:0:0:0:0:0:0:1', NULL, NULL);
INSERT INTO `ums_admin_login_log` VALUES (223, 3, '2020-05-16 15:17:21', '0:0:0:0:0:0:0:1', NULL, NULL);
INSERT INTO `ums_admin_login_log` VALUES (224, 3, '2020-05-17 14:58:35', '0:0:0:0:0:0:0:1', NULL, NULL);
INSERT INTO `ums_admin_login_log` VALUES (225, 3, '2020-05-18 15:47:46', '0:0:0:0:0:0:0:1', NULL, NULL);
INSERT INTO `ums_admin_login_log` VALUES (226, 3, '2020-05-23 16:51:15', '0:0:0:0:0:0:0:1', NULL, NULL);
INSERT INTO `ums_admin_login_log` VALUES (227, 3, '2020-05-23 16:54:53', '0:0:0:0:0:0:0:1', NULL, NULL);
INSERT INTO `ums_admin_login_log` VALUES (228, 3, '2020-05-23 17:00:33', '0:0:0:0:0:0:0:1', NULL, NULL);
INSERT INTO `ums_admin_login_log` VALUES (229, 3, '2020-05-24 10:38:00', '0:0:0:0:0:0:0:1', NULL, NULL);
INSERT INTO `ums_admin_login_log` VALUES (230, 3, '2020-06-07 09:39:31', '0:0:0:0:0:0:0:1', NULL, NULL);
INSERT INTO `ums_admin_login_log` VALUES (231, 3, '2020-06-14 14:23:30', '0:0:0:0:0:0:0:1', NULL, NULL);
INSERT INTO `ums_admin_login_log` VALUES (232, 3, '2020-06-14 17:11:59', '0:0:0:0:0:0:0:1', NULL, NULL);
INSERT INTO `ums_admin_login_log` VALUES (233, 3, '2020-06-20 14:53:51', '0:0:0:0:0:0:0:1', NULL, NULL);
INSERT INTO `ums_admin_login_log` VALUES (234, 3, '2020-06-21 14:57:36', '0:0:0:0:0:0:0:1', NULL, NULL);
INSERT INTO `ums_admin_login_log` VALUES (235, 3, '2020-06-27 10:41:31', '0:0:0:0:0:0:0:1', NULL, NULL);
INSERT INTO `ums_admin_login_log` VALUES (236, 3, '2020-07-05 15:54:21', '0:0:0:0:0:0:0:1', NULL, NULL);
INSERT INTO `ums_admin_login_log` VALUES (237, 3, '2020-07-11 10:40:28', '0:0:0:0:0:0:0:1', NULL, NULL);
INSERT INTO `ums_admin_login_log` VALUES (238, 3, '2020-07-11 10:45:01', '0:0:0:0:0:0:0:1', NULL, NULL);
INSERT INTO `ums_admin_login_log` VALUES (239, 3, '2020-07-19 11:00:16', '192.168.3.185', NULL, NULL);
INSERT INTO `ums_admin_login_log` VALUES (240, 3, '2020-07-19 11:46:27', '192.168.3.185', NULL, NULL);
INSERT INTO `ums_admin_login_log` VALUES (241, 3, '2020-07-19 11:53:47', '192.168.3.185', NULL, NULL);
INSERT INTO `ums_admin_login_log` VALUES (242, 3, '2020-07-19 14:17:37', '192.168.3.185', NULL, NULL);
INSERT INTO `ums_admin_login_log` VALUES (243, 3, '2020-07-19 14:44:24', '192.168.3.185', NULL, NULL);
INSERT INTO `ums_admin_login_log` VALUES (244, 3, '2020-07-19 14:44:58', '192.168.3.185', NULL, NULL);
INSERT INTO `ums_admin_login_log` VALUES (245, 3, '2020-07-19 14:48:27', '192.168.3.185', NULL, NULL);
INSERT INTO `ums_admin_login_log` VALUES (246, 3, '2020-07-19 14:48:57', '192.168.3.185', NULL, NULL);
INSERT INTO `ums_admin_login_log` VALUES (247, 3, '2020-07-19 14:49:30', '192.168.3.185', NULL, NULL);
INSERT INTO `ums_admin_login_log` VALUES (248, 3, '2020-07-19 14:50:18', '192.168.3.185', NULL, NULL);
INSERT INTO `ums_admin_login_log` VALUES (249, 3, '2020-07-19 14:51:51', '192.168.3.185', NULL, NULL);
INSERT INTO `ums_admin_login_log` VALUES (250, 3, '2020-07-19 14:55:27', '192.168.3.185', NULL, NULL);
INSERT INTO `ums_admin_login_log` VALUES (251, 3, '2020-07-19 14:58:14', '192.168.3.185', NULL, NULL);
INSERT INTO `ums_admin_login_log` VALUES (252, 6, '2020-07-19 15:04:21', '192.168.3.185', NULL, NULL);
INSERT INTO `ums_admin_login_log` VALUES (253, 3, '2020-07-19 15:38:49', '192.168.3.185', NULL, NULL);
INSERT INTO `ums_admin_login_log` VALUES (254, 6, '2020-07-19 16:26:24', '0:0:0:0:0:0:0:1', NULL, NULL);
INSERT INTO `ums_admin_login_log` VALUES (255, 3, '2020-08-08 10:39:12', '0:0:0:0:0:0:0:1', NULL, NULL);
INSERT INTO `ums_admin_login_log` VALUES (256, 3, '2020-08-09 11:06:31', '0:0:0:0:0:0:0:1', NULL, NULL);
INSERT INTO `ums_admin_login_log` VALUES (257, 3, '2020-08-10 20:41:30', '0:0:0:0:0:0:0:1', NULL, NULL);
INSERT INTO `ums_admin_login_log` VALUES (258, 3, '2020-08-15 10:12:25', '0:0:0:0:0:0:0:1', NULL, NULL);
INSERT INTO `ums_admin_login_log` VALUES (259, 1, '2020-08-19 21:23:59', '0:0:0:0:0:0:0:1', NULL, NULL);
INSERT INTO `ums_admin_login_log` VALUES (260, 1, '2020-08-19 21:25:06', '0:0:0:0:0:0:0:1', NULL, NULL);
INSERT INTO `ums_admin_login_log` VALUES (261, 3, '2020-09-05 16:14:50', '192.168.3.185', NULL, NULL);
INSERT INTO `ums_admin_login_log` VALUES (262, 3, '2020-09-05 16:15:37', '192.168.3.185', NULL, NULL);
INSERT INTO `ums_admin_login_log` VALUES (263, 3, '2020-09-12 16:07:35', '0:0:0:0:0:0:0:1', NULL, NULL);
INSERT INTO `ums_admin_login_log` VALUES (264, 6, '2020-09-12 16:08:14', '0:0:0:0:0:0:0:1', NULL, NULL);
INSERT INTO `ums_admin_login_log` VALUES (265, 1, '2020-09-12 16:08:26', '0:0:0:0:0:0:0:1', NULL, NULL);
INSERT INTO `ums_admin_login_log` VALUES (266, 6, '2020-09-12 16:09:08', '0:0:0:0:0:0:0:1', NULL, NULL);
INSERT INTO `ums_admin_login_log` VALUES (267, 1, '2020-09-12 16:09:17', '0:0:0:0:0:0:0:1', NULL, NULL);
INSERT INTO `ums_admin_login_log` VALUES (268, 3, '2020-09-13 14:22:25', '0:0:0:0:0:0:0:1', NULL, NULL);
INSERT INTO `ums_admin_login_log` VALUES (269, 3, '2020-09-13 14:23:07', '0:0:0:0:0:0:0:1', NULL, NULL);
INSERT INTO `ums_admin_login_log` VALUES (270, 3, '2020-09-13 14:24:21', '0:0:0:0:0:0:0:1', NULL, NULL);
INSERT INTO `ums_admin_login_log` VALUES (271, 3, '2020-09-13 14:32:32', '0:0:0:0:0:0:0:1', NULL, NULL);
INSERT INTO `ums_admin_login_log` VALUES (272, 1, '2020-09-19 15:43:31', '192.168.3.185', NULL, NULL);
INSERT INTO `ums_admin_login_log` VALUES (273, 3, '2020-09-19 15:43:58', '192.168.3.185', NULL, NULL);
INSERT INTO `ums_admin_login_log` VALUES (274, 3, '2020-09-19 15:49:44', '192.168.3.185', NULL, NULL);
INSERT INTO `ums_admin_login_log` VALUES (275, 6, '2020-09-19 15:50:12', '192.168.3.185', NULL, NULL);
INSERT INTO `ums_admin_login_log` VALUES (276, 6, '2020-09-19 15:50:18', '192.168.3.185', NULL, NULL);
INSERT INTO `ums_admin_login_log` VALUES (277, 1, '2020-09-19 15:50:41', '192.168.3.185', NULL, NULL);
INSERT INTO `ums_admin_login_log` VALUES (278, 6, '2020-09-19 15:52:28', '192.168.3.185', NULL, NULL);
INSERT INTO `ums_admin_login_log` VALUES (279, 1, '2020-09-19 15:53:01', '192.168.3.185', NULL, NULL);
INSERT INTO `ums_admin_login_log` VALUES (280, 1, '2020-09-19 15:53:48', '192.168.3.185', NULL, NULL);
INSERT INTO `ums_admin_login_log` VALUES (281, 6, '2020-09-19 15:54:37', '192.168.3.185', NULL, NULL);
INSERT INTO `ums_admin_login_log` VALUES (282, 3, '2020-09-20 11:13:50', '192.168.3.185', NULL, NULL);
INSERT INTO `ums_admin_login_log` VALUES (283, 1, '2020-10-08 14:26:58', '0:0:0:0:0:0:0:1', NULL, NULL);
INSERT INTO `ums_admin_login_log` VALUES (284, 1, '2020-10-08 14:30:49', '192.168.3.185', NULL, NULL);
INSERT INTO `ums_admin_login_log` VALUES (285, 3, '2021-04-11 10:27:43', '192.168.3.227', NULL, NULL);
INSERT INTO `ums_admin_login_log` VALUES (286, 1, '2021-04-11 10:29:19', '192.168.3.227', NULL, NULL);
INSERT INTO `ums_admin_login_log` VALUES (287, 3, '2021-04-11 10:30:40', '192.168.3.227', NULL, NULL);
INSERT INTO `ums_admin_login_log` VALUES (288, 3, '2021-04-11 10:37:50', '192.168.3.227', NULL, NULL);
INSERT INTO `ums_admin_login_log` VALUES (289, 3, '2021-12-08 10:44:09', '192.168.3.4', NULL, NULL);
INSERT INTO `ums_admin_login_log` VALUES (290, 3, '2022-04-15 15:04:51', '192.168.56.1', NULL, NULL);
INSERT INTO `ums_admin_login_log` VALUES (291, 1, '2022-05-10 15:25:58', '192.168.56.1', NULL, NULL);
INSERT INTO `ums_admin_login_log` VALUES (292, 1, '2022-05-10 15:31:08', '192.168.56.1', NULL, NULL);
INSERT INTO `ums_admin_login_log` VALUES (293, 1, '2022-05-10 15:32:18', '192.168.56.1', NULL, NULL);
INSERT INTO `ums_admin_login_log` VALUES (294, 1, '2022-05-10 15:34:17', '192.168.56.1', NULL, NULL);
INSERT INTO `ums_admin_login_log` VALUES (295, 1, '2022-05-10 15:34:38', '192.168.56.1', NULL, NULL);
INSERT INTO `ums_admin_login_log` VALUES (296, 1, '2022-05-10 15:54:50', '192.168.56.1', NULL, NULL);
INSERT INTO `ums_admin_login_log` VALUES (297, 1, '2022-05-10 16:31:20', '192.168.56.1', NULL, NULL);
INSERT INTO `ums_admin_login_log` VALUES (298, 1, '2022-05-10 16:33:45', '192.168.56.1', NULL, NULL);
INSERT INTO `ums_admin_login_log` VALUES (299, 1, '2022-05-10 16:39:07', '192.168.56.1', NULL, NULL);
INSERT INTO `ums_admin_login_log` VALUES (300, 1, '2022-05-18 14:53:41', '192.168.56.1', NULL, NULL);
INSERT INTO `ums_admin_login_log` VALUES (301, 3, '2022-06-07 17:28:29', '192.168.56.1', NULL, NULL);
INSERT INTO `ums_admin_login_log` VALUES (302, 3, '2022-06-08 09:48:32', '192.168.56.1', NULL, NULL);
INSERT INTO `ums_admin_login_log` VALUES (303, 3, '2022-06-08 10:34:20', '192.168.56.1', NULL, NULL);
INSERT INTO `ums_admin_login_log` VALUES (304, 3, '2022-06-08 17:09:29', '192.168.56.1', NULL, NULL);
INSERT INTO `ums_admin_login_log` VALUES (305, 3, '2022-06-08 17:10:11', '192.168.56.1', NULL, NULL);
INSERT INTO `ums_admin_login_log` VALUES (306, 6, '2022-06-08 17:10:55', '192.168.56.1', NULL, NULL);
INSERT INTO `ums_admin_login_log` VALUES (307, 3, '2022-06-08 17:23:05', '192.168.56.1', NULL, NULL);
INSERT INTO `ums_admin_login_log` VALUES (308, 3, '2022-06-08 17:30:51', '192.168.56.1', NULL, NULL);
INSERT INTO `ums_admin_login_log` VALUES (309, 3, '2022-06-08 17:31:42', '192.168.56.1', NULL, NULL);
INSERT INTO `ums_admin_login_log` VALUES (310, 3, '2022-06-08 17:31:48', '192.168.56.1', NULL, NULL);
INSERT INTO `ums_admin_login_log` VALUES (311, 3, '2022-06-08 21:03:56', '192.168.56.1', NULL, NULL);
INSERT INTO `ums_admin_login_log` VALUES (312, 3, '2022-06-09 10:41:31', '192.168.56.1', NULL, NULL);
INSERT INTO `ums_admin_login_log` VALUES (313, 3, '2022-06-09 15:18:46', '192.168.56.1', NULL, NULL);
INSERT INTO `ums_admin_login_log` VALUES (314, 3, '2022-06-10 15:43:15', '192.168.56.1', NULL, NULL);
INSERT INTO `ums_admin_login_log` VALUES (315, 3, '2022-06-10 15:52:27', '192.168.56.1', NULL, NULL);
INSERT INTO `ums_admin_login_log` VALUES (316, 3, '2022-06-15 14:41:59', '192.168.56.1', NULL, NULL);
INSERT INTO `ums_admin_login_log` VALUES (317, 3, '2022-06-23 16:24:09', '192.168.3.6', NULL, NULL);
INSERT INTO `ums_admin_login_log` VALUES (318, 3, '2022-06-23 16:41:33', '192.168.3.6', NULL, NULL);
INSERT INTO `ums_admin_login_log` VALUES (319, 3, '2022-06-23 16:42:50', '192.168.3.6', NULL, NULL);
INSERT INTO `ums_admin_login_log` VALUES (320, 3, '2022-06-23 16:42:51', '192.168.3.6', NULL, NULL);
INSERT INTO `ums_admin_login_log` VALUES (321, 3, '2022-06-23 16:42:52', '192.168.3.6', NULL, NULL);
INSERT INTO `ums_admin_login_log` VALUES (322, 3, '2022-06-23 16:42:53', '192.168.3.6', NULL, NULL);
INSERT INTO `ums_admin_login_log` VALUES (323, 3, '2022-06-23 16:43:07', '192.168.3.6', NULL, NULL);
INSERT INTO `ums_admin_login_log` VALUES (324, 3, '2022-06-23 16:44:56', '192.168.3.6', NULL, NULL);
INSERT INTO `ums_admin_login_log` VALUES (325, 3, '2022-06-23 16:45:42', '192.168.3.6', NULL, NULL);
INSERT INTO `ums_admin_login_log` VALUES (326, 3, '2022-06-23 16:50:08', '192.168.3.6', NULL, NULL);
INSERT INTO `ums_admin_login_log` VALUES (327, 3, '2022-06-24 15:19:04', '192.168.3.227', NULL, NULL);
INSERT INTO `ums_admin_login_log` VALUES (328, 3, '2022-06-24 15:25:52', '192.168.3.227', NULL, NULL);
INSERT INTO `ums_admin_login_log` VALUES (329, 3, '2022-06-24 15:40:29', '192.168.3.227', NULL, NULL);
INSERT INTO `ums_admin_login_log` VALUES (330, 3, '2022-06-25 15:13:52', '192.168.56.1', NULL, NULL);
INSERT INTO `ums_admin_login_log` VALUES (331, 3, '2022-06-25 15:25:12', '192.168.56.1', NULL, NULL);
INSERT INTO `ums_admin_login_log` VALUES (332, 3, '2022-06-27 16:38:37', '192.168.56.1', NULL, NULL);
INSERT INTO `ums_admin_login_log` VALUES (333, 3, '2022-07-24 10:10:06', '192.168.3.227', NULL, NULL);
INSERT INTO `ums_admin_login_log` VALUES (334, 1, '2022-07-25 17:15:55', '192.168.56.1', NULL, NULL);
INSERT INTO `ums_admin_login_log` VALUES (335, 3, '2022-07-27 09:41:32', '192.168.3.227', NULL, NULL);
INSERT INTO `ums_admin_login_log` VALUES (336, 1, '2022-07-28 16:56:10', '192.168.56.1', NULL, NULL);
INSERT INTO `ums_admin_login_log` VALUES (337, 1, '2022-07-28 16:56:25', '192.168.56.1', NULL, NULL);
INSERT INTO `ums_admin_login_log` VALUES (338, 8, '2022-08-07 14:46:00', '192.168.56.1', NULL, NULL);
INSERT INTO `ums_admin_login_log` VALUES (339, 9, '2022-08-07 14:53:32', '192.168.56.1', NULL, NULL);
INSERT INTO `ums_admin_login_log` VALUES (340, 9, '2022-08-07 14:53:46', '192.168.56.1', NULL, NULL);
INSERT INTO `ums_admin_login_log` VALUES (341, 9, '2022-08-07 14:56:19', '192.168.56.1', NULL, NULL);
INSERT INTO `ums_admin_login_log` VALUES (342, 1, '2022-08-09 10:53:55', '192.168.56.1', NULL, NULL);
INSERT INTO `ums_admin_login_log` VALUES (343, 1, '2022-08-09 10:54:36', '192.168.56.1', NULL, NULL);
INSERT INTO `ums_admin_login_log` VALUES (344, 1, '2022-08-09 11:00:06', '192.168.56.1', NULL, NULL);
INSERT INTO `ums_admin_login_log` VALUES (345, 1, '2022-08-09 11:02:04', '192.168.56.1', NULL, NULL);
INSERT INTO `ums_admin_login_log` VALUES (346, 1, '2022-08-09 15:48:14', '192.168.56.1', NULL, NULL);
INSERT INTO `ums_admin_login_log` VALUES (347, 1, '2022-08-16 16:35:24', '192.168.56.1', NULL, NULL);
INSERT INTO `ums_admin_login_log` VALUES (348, 1, '2022-08-17 15:03:52', '192.168.56.1', NULL, NULL);
INSERT INTO `ums_admin_login_log` VALUES (349, 1, '2022-08-20 16:49:19', '192.168.56.1', NULL, NULL);
INSERT INTO `ums_admin_login_log` VALUES (350, 1, '2022-08-23 14:54:06', '192.168.56.1', NULL, NULL);
INSERT INTO `ums_admin_login_log` VALUES (351, 1, '2022-08-31 17:16:35', '192.168.56.1', NULL, NULL);
INSERT INTO `ums_admin_login_log` VALUES (352, 3, '2022-10-14 15:31:42', '192.168.56.1', NULL, NULL);
INSERT INTO `ums_admin_login_log` VALUES (353, 3, '2022-10-14 15:42:39', '192.168.56.1', NULL, NULL);
INSERT INTO `ums_admin_login_log` VALUES (354, 3, '2022-10-14 15:44:08', '192.168.56.1', NULL, NULL);
INSERT INTO `ums_admin_login_log` VALUES (355, 3, '2022-10-14 15:46:23', '192.168.56.1', NULL, NULL);
INSERT INTO `ums_admin_login_log` VALUES (356, 3, '2022-10-14 15:46:35', '192.168.56.1', NULL, NULL);
INSERT INTO `ums_admin_login_log` VALUES (357, 3, '2022-10-14 16:06:11', '192.168.56.1', NULL, NULL);
INSERT INTO `ums_admin_login_log` VALUES (358, 3, '2022-10-14 16:24:08', '192.168.56.1', NULL, NULL);
INSERT INTO `ums_admin_login_log` VALUES (359, 3, '2022-10-17 16:44:52', '192.168.56.1', NULL, NULL);
INSERT INTO `ums_admin_login_log` VALUES (360, 3, '2022-10-17 16:49:42', '192.168.56.1', NULL, NULL);
INSERT INTO `ums_admin_login_log` VALUES (361, 3, '2022-10-17 16:49:53', '192.168.56.1', NULL, NULL);
INSERT INTO `ums_admin_login_log` VALUES (362, 3, '2022-10-17 17:03:10', '192.168.56.1', NULL, NULL);
INSERT INTO `ums_admin_login_log` VALUES (363, 3, '2022-10-17 17:03:22', '192.168.56.1', NULL, NULL);
INSERT INTO `ums_admin_login_log` VALUES (364, 3, '2022-10-17 21:00:48', '192.168.56.1', NULL, NULL);
INSERT INTO `ums_admin_login_log` VALUES (365, 3, '2022-10-24 16:32:31', '192.168.56.1', NULL, NULL);
INSERT INTO `ums_admin_login_log` VALUES (366, 3, '2022-10-26 16:31:17', '192.168.56.1', NULL, NULL);
INSERT INTO `ums_admin_login_log` VALUES (367, 3, '2022-10-26 16:50:48', '192.168.56.1', NULL, NULL);
INSERT INTO `ums_admin_login_log` VALUES (368, 3, '2022-10-26 16:52:28', '192.168.56.1', NULL, NULL);
INSERT INTO `ums_admin_login_log` VALUES (369, 3, '2022-10-27 17:21:28', '192.168.56.1', NULL, NULL);
INSERT INTO `ums_admin_login_log` VALUES (370, 3, '2022-10-28 10:52:22', '192.168.56.1', NULL, NULL);
INSERT INTO `ums_admin_login_log` VALUES (371, 3, '2022-11-04 16:09:08', '192.168.56.1', NULL, NULL);
INSERT INTO `ums_admin_login_log` VALUES (372, 3, '2022-11-08 10:27:27', '192.168.56.1', NULL, NULL);
INSERT INTO `ums_admin_login_log` VALUES (373, 3, '2022-11-09 10:42:30', '192.168.56.1', NULL, NULL);
INSERT INTO `ums_admin_login_log` VALUES (374, 3, '2022-11-10 15:03:08', '192.168.56.1', NULL, NULL);
INSERT INTO `ums_admin_login_log` VALUES (375, 3, '2022-11-11 10:11:11', '192.168.56.1', NULL, NULL);
INSERT INTO `ums_admin_login_log` VALUES (376, 3, '2022-11-14 16:33:30', '192.168.56.1', NULL, NULL);
INSERT INTO `ums_admin_login_log` VALUES (377, 3, '2022-11-15 10:54:02', '192.168.56.1', NULL, NULL);
INSERT INTO `ums_admin_login_log` VALUES (378, 3, '2022-11-15 15:16:35', '192.168.56.1', NULL, NULL);
INSERT INTO `ums_admin_login_log` VALUES (379, 3, '2022-11-15 15:17:41', '192.168.56.1', NULL, NULL);
INSERT INTO `ums_admin_login_log` VALUES (380, 3, '2022-11-15 15:17:47', '192.168.56.1', NULL, NULL);
INSERT INTO `ums_admin_login_log` VALUES (381, 1, '2022-11-15 15:19:56', '192.168.56.1', NULL, NULL);
INSERT INTO `ums_admin_login_log` VALUES (382, 3, '2022-11-15 15:20:12', '192.168.56.1', NULL, NULL);
INSERT INTO `ums_admin_login_log` VALUES (383, 3, '2022-11-15 15:22:22', '192.168.56.1', NULL, NULL);
INSERT INTO `ums_admin_login_log` VALUES (384, 3, '2022-11-16 10:39:08', '192.168.56.1', NULL, NULL);
INSERT INTO `ums_admin_login_log` VALUES (385, 1, '2022-11-24 20:02:12', '192.168.56.1', NULL, NULL);
INSERT INTO `ums_admin_login_log` VALUES (386, 3, '2022-11-28 15:24:02', '192.168.56.1', NULL, NULL);
INSERT INTO `ums_admin_login_log` VALUES (387, 3, '2022-11-30 09:34:28', '192.168.56.1', NULL, NULL);
INSERT INTO `ums_admin_login_log` VALUES (388, 3, '2022-12-05 09:43:58', '192.168.56.1', NULL, NULL);
INSERT INTO `ums_admin_login_log` VALUES (389, 3, '2022-12-09 17:18:09', '192.168.56.1', NULL, NULL);
INSERT INTO `ums_admin_login_log` VALUES (390, 3, '2022-12-15 14:53:39', '192.168.56.1', NULL, NULL);
INSERT INTO `ums_admin_login_log` VALUES (391, 3, '2022-12-15 16:11:54', '192.168.56.1', NULL, NULL);
INSERT INTO `ums_admin_login_log` VALUES (392, 3, '2022-12-20 15:55:18', '192.168.56.1', NULL, NULL);
INSERT INTO `ums_admin_login_log` VALUES (393, 3, '2022-12-21 14:49:30', '192.168.56.1', NULL, NULL);
INSERT INTO `ums_admin_login_log` VALUES (394, 3, '2022-12-23 09:49:50', '192.168.56.1', NULL, NULL);
INSERT INTO `ums_admin_login_log` VALUES (395, 3, '2023-01-04 10:17:44', '192.168.56.1', NULL, NULL);
INSERT INTO `ums_admin_login_log` VALUES (396, 3, '2023-01-04 15:28:47', '192.168.56.1', NULL, NULL);
INSERT INTO `ums_admin_login_log` VALUES (397, 3, '2023-01-05 10:13:43', '192.168.56.1', NULL, NULL);
INSERT INTO `ums_admin_login_log` VALUES (398, 3, '2023-01-06 09:49:23', '192.168.56.1', NULL, NULL);
INSERT INTO `ums_admin_login_log` VALUES (399, 3, '2023-01-06 10:04:19', '192.168.56.1', NULL, NULL);
INSERT INTO `ums_admin_login_log` VALUES (400, 3, '2023-01-06 10:07:06', '192.168.56.1', NULL, NULL);
INSERT INTO `ums_admin_login_log` VALUES (401, 3, '2023-01-06 16:21:31', '192.168.56.1', NULL, NULL);
INSERT INTO `ums_admin_login_log` VALUES (402, 3, '2023-01-09 16:50:30', '192.168.56.1', NULL, NULL);
INSERT INTO `ums_admin_login_log` VALUES (403, 3, '2023-01-10 10:05:52', '192.168.56.1', NULL, NULL);
INSERT INTO `ums_admin_login_log` VALUES (404, 3, '2023-01-10 17:09:44', '192.168.56.1', NULL, NULL);
INSERT INTO `ums_admin_login_log` VALUES (405, 3, '2023-01-11 10:17:17', '192.168.56.1', NULL, NULL);
INSERT INTO `ums_admin_login_log` VALUES (406, 3, '2023-01-13 09:35:37', '192.168.56.1', NULL, NULL);
INSERT INTO `ums_admin_login_log` VALUES (407, 3, '2023-01-13 09:40:51', '192.168.56.1', NULL, NULL);
INSERT INTO `ums_admin_login_log` VALUES (408, 3, '2023-01-31 10:46:52', '192.168.56.1', NULL, NULL);
INSERT INTO `ums_admin_login_log` VALUES (409, 3, '2023-02-08 17:11:11', '192.168.56.1', NULL, NULL);
INSERT INTO `ums_admin_login_log` VALUES (410, 3, '2023-02-09 15:46:41', '192.168.56.1', NULL, NULL);
INSERT INTO `ums_admin_login_log` VALUES (411, 3, '2023-02-10 17:23:52', '192.168.56.1', NULL, NULL);

-- ----------------------------
-- Table structure for ums_admin_role_relation
-- ----------------------------
DROP TABLE IF EXISTS `ums_admin_role_relation`;
CREATE TABLE `ums_admin_role_relation`  (
  `id` bigint(20) NOT NULL AUTO_INCREMENT,
  `admin_id` bigint(20) NULL DEFAULT NULL,
  `role_id` bigint(20) NULL DEFAULT NULL,
  PRIMARY KEY (`id`) USING BTREE
) ENGINE = InnoDB AUTO_INCREMENT = 32 CHARACTER SET = utf8 COLLATE = utf8_general_ci COMMENT = '后台用户和角色关系表' ROW_FORMAT = Dynamic;

-- ----------------------------
-- Records of ums_admin_role_relation
-- ----------------------------
INSERT INTO `ums_admin_role_relation` VALUES (26, 3, 5);
INSERT INTO `ums_admin_role_relation` VALUES (27, 6, 1);
INSERT INTO `ums_admin_role_relation` VALUES (28, 7, 2);
INSERT INTO `ums_admin_role_relation` VALUES (29, 1, 5);
INSERT INTO `ums_admin_role_relation` VALUES (30, 4, 5);
INSERT INTO `ums_admin_role_relation` VALUES (31, 8, 1);

-- ----------------------------
-- Table structure for ums_menu
-- ----------------------------
DROP TABLE IF EXISTS `ums_menu`;
CREATE TABLE `ums_menu`  (
  `id` bigint(20) NOT NULL AUTO_INCREMENT,
  `parent_id` bigint(20) NULL DEFAULT NULL COMMENT '父级ID',
  `create_time` datetime NULL DEFAULT NULL COMMENT '创建时间',
  `title` varchar(100) CHARACTER SET utf8 COLLATE utf8_general_ci NULL DEFAULT NULL COMMENT '菜单名称',
  `level` int(4) NULL DEFAULT NULL COMMENT '菜单级数',
  `sort` int(4) NULL DEFAULT NULL COMMENT '菜单排序',
  `name` varchar(100) CHARACTER SET utf8 COLLATE utf8_general_ci NULL DEFAULT NULL COMMENT '前端名称',
  `icon` varchar(200) CHARACTER SET utf8 COLLATE utf8_general_ci NULL DEFAULT NULL COMMENT '前端图标',
  `hidden` int(1) NULL DEFAULT NULL COMMENT '前端隐藏',
  PRIMARY KEY (`id`) USING BTREE
) ENGINE = InnoDB AUTO_INCREMENT = 26 CHARACTER SET = utf8 COLLATE = utf8_general_ci COMMENT = '后台菜单表' ROW_FORMAT = Dynamic;

-- ----------------------------
-- Records of ums_menu
-- ----------------------------
INSERT INTO `ums_menu` VALUES (1, 0, '2020-02-02 14:50:36', '商品', 0, 0, 'pms', 'product', 0);
INSERT INTO `ums_menu` VALUES (2, 1, '2020-02-02 14:51:50', '商品列表', 1, 0, 'product', 'product-list', 0);
INSERT INTO `ums_menu` VALUES (3, 1, '2020-02-02 14:52:44', '添加商品', 1, 0, 'addProduct', 'product-add', 0);
INSERT INTO `ums_menu` VALUES (4, 1, '2020-02-02 14:53:51', '商品分类', 1, 0, 'productCate', 'product-cate', 0);
INSERT INTO `ums_menu` VALUES (5, 1, '2020-02-02 14:54:51', '商品类型', 1, 0, 'productAttr', 'product-attr', 0);
INSERT INTO `ums_menu` VALUES (6, 1, '2020-02-02 14:56:29', '品牌管理', 1, 0, 'brand', 'product-brand', 0);
INSERT INTO `ums_menu` VALUES (7, 0, '2020-02-02 16:54:07', '订单', 0, 0, 'oms', 'order', 0);
INSERT INTO `ums_menu` VALUES (8, 7, '2020-02-02 16:55:18', '订单列表', 1, 0, 'order', 'product-list', 0);
INSERT INTO `ums_menu` VALUES (9, 7, '2020-02-02 16:56:46', '订单设置', 1, 0, 'orderSetting', 'order-setting', 0);
INSERT INTO `ums_menu` VALUES (10, 7, '2020-02-02 16:57:39', '退货申请处理', 1, 0, 'returnApply', 'order-return', 0);
INSERT INTO `ums_menu` VALUES (11, 7, '2020-02-02 16:59:40', '退货原因设置', 1, 0, 'returnReason', 'order-return-reason', 0);
INSERT INTO `ums_menu` VALUES (12, 0, '2020-02-04 16:18:00', '营销', 0, 0, 'sms', 'sms', 0);
INSERT INTO `ums_menu` VALUES (13, 12, '2020-02-04 16:19:22', '秒杀活动列表', 1, 0, 'flash', 'sms-flash', 0);
INSERT INTO `ums_menu` VALUES (14, 12, '2020-02-04 16:20:16', '优惠券列表', 1, 0, 'coupon', 'sms-coupon', 0);
INSERT INTO `ums_menu` VALUES (16, 12, '2020-02-07 16:22:38', '品牌推荐', 1, 0, 'homeBrand', 'product-brand', 0);
INSERT INTO `ums_menu` VALUES (17, 12, '2020-02-07 16:23:14', '新品推荐', 1, 0, 'homeNew', 'sms-new', 0);
INSERT INTO `ums_menu` VALUES (18, 12, '2020-02-07 16:26:38', '人气推荐', 1, 0, 'homeHot', 'sms-hot', 0);
INSERT INTO `ums_menu` VALUES (19, 12, '2020-02-07 16:28:16', '专题推荐', 1, 0, 'homeSubject', 'sms-subject', 0);
INSERT INTO `ums_menu` VALUES (20, 12, '2020-02-07 16:28:42', '广告列表', 1, 0, 'homeAdvertise', 'sms-ad', 0);
INSERT INTO `ums_menu` VALUES (21, 0, '2020-02-07 16:29:13', '权限', 0, 0, 'ums', 'ums', 0);
INSERT INTO `ums_menu` VALUES (22, 21, '2020-02-07 16:29:51', '用户列表', 1, 0, 'admin', 'ums-admin', 0);
INSERT INTO `ums_menu` VALUES (23, 21, '2020-02-07 16:30:13', '角色列表', 1, 0, 'role', 'ums-role', 0);
INSERT INTO `ums_menu` VALUES (24, 21, '2020-02-07 16:30:53', '菜单列表', 1, 0, 'menu', 'ums-menu', 0);
INSERT INTO `ums_menu` VALUES (25, 21, '2020-02-07 16:31:13', '资源列表', 1, 0, 'resource', 'ums-resource', 0);

-- ----------------------------
-- Table structure for ums_resource
-- ----------------------------
DROP TABLE IF EXISTS `ums_resource`;
CREATE TABLE `ums_resource`  (
  `id` bigint(20) NOT NULL AUTO_INCREMENT,
  `create_time` datetime NULL DEFAULT NULL COMMENT '创建时间',
  `name` varchar(200) CHARACTER SET utf8 COLLATE utf8_general_ci NULL DEFAULT NULL COMMENT '资源名称',
  `url` varchar(200) CHARACTER SET utf8 COLLATE utf8_general_ci NULL DEFAULT NULL COMMENT '资源URL',
  `description` varchar(500) CHARACTER SET utf8 COLLATE utf8_general_ci NULL DEFAULT NULL COMMENT '描述',
  `category_id` bigint(20) NULL DEFAULT NULL COMMENT '资源分类ID',
  PRIMARY KEY (`id`) USING BTREE
) ENGINE = InnoDB AUTO_INCREMENT = 33 CHARACTER SET = utf8 COLLATE = utf8_general_ci COMMENT = '后台资源表' ROW_FORMAT = Dynamic;

-- ----------------------------
-- Records of ums_resource
-- ----------------------------
INSERT INTO `ums_resource` VALUES (1, '2020-02-04 17:04:55', '商品品牌管理', '/brand/**', NULL, 1);
INSERT INTO `ums_resource` VALUES (2, '2020-02-04 17:05:35', '商品属性分类管理', '/productAttribute/category/**', NULL, 1);
INSERT INTO `ums_resource` VALUES (3, '2020-02-04 17:06:13', '商品属性管理', '/productAttribute/**', NULL, 1);
INSERT INTO `ums_resource` VALUES (4, '2020-02-04 17:07:15', '商品分类管理', '/productCategory/**', NULL, 1);
INSERT INTO `ums_resource` VALUES (5, '2020-02-04 17:09:16', '商品管理', '/product/**', NULL, 1);
INSERT INTO `ums_resource` VALUES (6, '2020-02-04 17:09:53', '商品库存管理', '/sku/**', NULL, 1);
INSERT INTO `ums_resource` VALUES (8, '2020-02-05 14:43:37', '订单管理', '/order/**', '', 2);
INSERT INTO `ums_resource` VALUES (9, '2020-02-05 14:44:22', ' 订单退货申请管理', '/returnApply/**', '', 2);
INSERT INTO `ums_resource` VALUES (10, '2020-02-05 14:45:08', '退货原因管理', '/returnReason/**', '', 2);
INSERT INTO `ums_resource` VALUES (11, '2020-02-05 14:45:43', '订单设置管理', '/orderSetting/**', '', 2);
INSERT INTO `ums_resource` VALUES (12, '2020-02-05 14:46:23', '收货地址管理', '/companyAddress/**', '', 2);
INSERT INTO `ums_resource` VALUES (13, '2020-02-07 16:37:22', '优惠券管理', '/coupon/**', '', 3);
INSERT INTO `ums_resource` VALUES (14, '2020-02-07 16:37:59', '优惠券领取记录管理', '/couponHistory/**', '', 3);
INSERT INTO `ums_resource` VALUES (15, '2020-02-07 16:38:28', '限时购活动管理', '/flash/**', '', 3);
INSERT INTO `ums_resource` VALUES (16, '2020-02-07 16:38:59', '限时购商品关系管理', '/flashProductRelation/**', '', 3);
INSERT INTO `ums_resource` VALUES (17, '2020-02-07 16:39:22', '限时购场次管理', '/flashSession/**', '', 3);
INSERT INTO `ums_resource` VALUES (18, '2020-02-07 16:40:07', '首页轮播广告管理', '/home/advertise/**', '', 3);
INSERT INTO `ums_resource` VALUES (19, '2020-02-07 16:40:34', '首页品牌管理', '/home/brand/**', '', 3);
INSERT INTO `ums_resource` VALUES (20, '2020-02-07 16:41:06', '首页新品管理', '/home/newProduct/**', '', 3);
INSERT INTO `ums_resource` VALUES (21, '2020-02-07 16:42:16', '首页人气推荐管理', '/home/recommendProduct/**', '', 3);
INSERT INTO `ums_resource` VALUES (22, '2020-02-07 16:42:48', '首页专题推荐管理', '/home/recommendSubject/**', '', 3);
INSERT INTO `ums_resource` VALUES (23, '2020-02-07 16:44:56', ' 商品优选管理', '/prefrenceArea/**', '', 5);
INSERT INTO `ums_resource` VALUES (24, '2020-02-07 16:45:39', '商品专题管理', '/subject/**', '', 5);
INSERT INTO `ums_resource` VALUES (25, '2020-02-07 16:47:34', '后台用户管理', '/admin/**', '', 4);
INSERT INTO `ums_resource` VALUES (26, '2020-02-07 16:48:24', '后台用户角色管理', '/role/**', '', 4);
INSERT INTO `ums_resource` VALUES (27, '2020-02-07 16:48:48', '后台菜单管理', '/menu/**', '', 4);
INSERT INTO `ums_resource` VALUES (28, '2020-02-07 16:49:18', '后台资源分类管理', '/resourceCategory/**', '', 4);
INSERT INTO `ums_resource` VALUES (29, '2020-02-07 16:49:45', '后台资源管理', '/resource/**', '', 4);
INSERT INTO `ums_resource` VALUES (30, '2020-09-19 15:47:57', '会员等级管理', '/memberLevel/**', '', 7);
INSERT INTO `ums_resource` VALUES (31, '2020-09-19 15:51:29', '获取登录用户信息', '/admin/info', '用户登录必配', 4);
INSERT INTO `ums_resource` VALUES (32, '2020-09-19 15:53:34', '用户登出', '/admin/logout', '用户登出必配', 4);

-- ----------------------------
-- Table structure for ums_resource_category
-- ----------------------------
DROP TABLE IF EXISTS `ums_resource_category`;
CREATE TABLE `ums_resource_category`  (
  `id` bigint(20) NOT NULL AUTO_INCREMENT,
  `create_time` datetime NULL DEFAULT NULL COMMENT '创建时间',
  `name` varchar(200) CHARACTER SET utf8 COLLATE utf8_general_ci NULL DEFAULT NULL COMMENT '分类名称',
  `sort` int(4) NULL DEFAULT NULL COMMENT '排序',
  PRIMARY KEY (`id`) USING BTREE
) ENGINE = InnoDB AUTO_INCREMENT = 8 CHARACTER SET = utf8 COLLATE = utf8_general_ci COMMENT = '资源分类表' ROW_FORMAT = Dynamic;

-- ----------------------------
-- Records of ums_resource_category
-- ----------------------------
INSERT INTO `ums_resource_category` VALUES (1, '2020-02-05 10:21:44', '商品模块', 0);
INSERT INTO `ums_resource_category` VALUES (2, '2020-02-05 10:22:34', '订单模块', 0);
INSERT INTO `ums_resource_category` VALUES (3, '2020-02-05 10:22:48', '营销模块', 0);
INSERT INTO `ums_resource_category` VALUES (4, '2020-02-05 10:23:04', '权限模块', 0);
INSERT INTO `ums_resource_category` VALUES (5, '2020-02-07 16:34:27', '内容模块', 0);
INSERT INTO `ums_resource_category` VALUES (7, '2020-09-19 15:49:08', '其他模块', 0);

-- ----------------------------
-- Table structure for ums_role
-- ----------------------------
DROP TABLE IF EXISTS `ums_role`;
CREATE TABLE `ums_role`  (
  `id` bigint(20) NOT NULL AUTO_INCREMENT,
  `name` varchar(100) CHARACTER SET utf8 COLLATE utf8_general_ci NULL DEFAULT NULL COMMENT '名称',
  `description` varchar(500) CHARACTER SET utf8 COLLATE utf8_general_ci NULL DEFAULT NULL COMMENT '描述',
  `admin_count` int(11) NULL DEFAULT NULL COMMENT '后台用户数量',
  `create_time` datetime NULL DEFAULT NULL COMMENT '创建时间',
  `status` int(1) NULL DEFAULT 1 COMMENT '启用状态：0->禁用；1->启用',
  `sort` int(11) NULL DEFAULT 0,
  PRIMARY KEY (`id`) USING BTREE
) ENGINE = InnoDB AUTO_INCREMENT = 6 CHARACTER SET = utf8 COLLATE = utf8_general_ci COMMENT = '后台用户角色表' ROW_FORMAT = Dynamic;

-- ----------------------------
-- Records of ums_role
-- ----------------------------
INSERT INTO `ums_role` VALUES (1, '商品管理员', '只能查看及操作商品', 0, '2020-02-03 16:50:37', 1, 0);
INSERT INTO `ums_role` VALUES (2, '订单管理员', '只能查看及操作订单', 0, '2018-09-30 15:53:45', 1, 0);
INSERT INTO `ums_role` VALUES (5, '超级管理员', '拥有所有查看和操作功能', 0, '2020-02-02 15:11:05', 1, 0);

-- ----------------------------
-- Table structure for ums_role_menu_relation
-- ----------------------------
DROP TABLE IF EXISTS `ums_role_menu_relation`;
CREATE TABLE `ums_role_menu_relation`  (
  `id` bigint(20) NOT NULL AUTO_INCREMENT,
  `role_id` bigint(20) NULL DEFAULT NULL COMMENT '角色ID',
  `menu_id` bigint(20) NULL DEFAULT NULL COMMENT '菜单ID',
  PRIMARY KEY (`id`) USING BTREE
) ENGINE = InnoDB AUTO_INCREMENT = 127 CHARACTER SET = utf8 COLLATE = utf8_general_ci COMMENT = '后台角色菜单关系表' ROW_FORMAT = Dynamic;

-- ----------------------------
-- Records of ums_role_menu_relation
-- ----------------------------
INSERT INTO `ums_role_menu_relation` VALUES (53, 2, 7);
INSERT INTO `ums_role_menu_relation` VALUES (54, 2, 8);
INSERT INTO `ums_role_menu_relation` VALUES (55, 2, 9);
INSERT INTO `ums_role_menu_relation` VALUES (56, 2, 10);
INSERT INTO `ums_role_menu_relation` VALUES (57, 2, 11);
INSERT INTO `ums_role_menu_relation` VALUES (72, 5, 1);
INSERT INTO `ums_role_menu_relation` VALUES (73, 5, 2);
INSERT INTO `ums_role_menu_relation` VALUES (74, 5, 3);
INSERT INTO `ums_role_menu_relation` VALUES (75, 5, 4);
INSERT INTO `ums_role_menu_relation` VALUES (76, 5, 5);
INSERT INTO `ums_role_menu_relation` VALUES (77, 5, 6);
INSERT INTO `ums_role_menu_relation` VALUES (78, 5, 7);
INSERT INTO `ums_role_menu_relation` VALUES (79, 5, 8);
INSERT INTO `ums_role_menu_relation` VALUES (80, 5, 9);
INSERT INTO `ums_role_menu_relation` VALUES (81, 5, 10);
INSERT INTO `ums_role_menu_relation` VALUES (82, 5, 11);
INSERT INTO `ums_role_menu_relation` VALUES (83, 5, 12);
INSERT INTO `ums_role_menu_relation` VALUES (84, 5, 13);
INSERT INTO `ums_role_menu_relation` VALUES (85, 5, 14);
INSERT INTO `ums_role_menu_relation` VALUES (86, 5, 16);
INSERT INTO `ums_role_menu_relation` VALUES (87, 5, 17);
INSERT INTO `ums_role_menu_relation` VALUES (88, 5, 18);
INSERT INTO `ums_role_menu_relation` VALUES (89, 5, 19);
INSERT INTO `ums_role_menu_relation` VALUES (90, 5, 20);
INSERT INTO `ums_role_menu_relation` VALUES (91, 5, 21);
INSERT INTO `ums_role_menu_relation` VALUES (92, 5, 22);
INSERT INTO `ums_role_menu_relation` VALUES (93, 5, 23);
INSERT INTO `ums_role_menu_relation` VALUES (94, 5, 24);
INSERT INTO `ums_role_menu_relation` VALUES (95, 5, 25);
INSERT INTO `ums_role_menu_relation` VALUES (121, 1, 1);
INSERT INTO `ums_role_menu_relation` VALUES (122, 1, 2);
INSERT INTO `ums_role_menu_relation` VALUES (123, 1, 3);
INSERT INTO `ums_role_menu_relation` VALUES (124, 1, 4);
INSERT INTO `ums_role_menu_relation` VALUES (125, 1, 5);
INSERT INTO `ums_role_menu_relation` VALUES (126, 1, 6);


-- ----------------------------
-- Table structure for ums_role_resource_relation
-- ----------------------------
DROP TABLE IF EXISTS `ums_role_resource_relation`;
CREATE TABLE `ums_role_resource_relation`  (
  `id` bigint(20) NOT NULL AUTO_INCREMENT,
  `role_id` bigint(20) NULL DEFAULT NULL COMMENT '角色ID',
  `resource_id` bigint(20) NULL DEFAULT NULL COMMENT '资源ID',
  PRIMARY KEY (`id`) USING BTREE
) ENGINE = InnoDB AUTO_INCREMENT = 249 CHARACTER SET = utf8 COLLATE = utf8_general_ci COMMENT = '后台角色资源关系表' ROW_FORMAT = Dynamic;

-- ----------------------------
-- Records of ums_role_resource_relation
-- ----------------------------
INSERT INTO `ums_role_resource_relation` VALUES (194, 5, 1);
INSERT INTO `ums_role_resource_relation` VALUES (195, 5, 2);
INSERT INTO `ums_role_resource_relation` VALUES (196, 5, 3);
INSERT INTO `ums_role_resource_relation` VALUES (197, 5, 4);
INSERT INTO `ums_role_resource_relation` VALUES (198, 5, 5);
INSERT INTO `ums_role_resource_relation` VALUES (199, 5, 6);
INSERT INTO `ums_role_resource_relation` VALUES (200, 5, 8);
INSERT INTO `ums_role_resource_relation` VALUES (201, 5, 9);
INSERT INTO `ums_role_resource_relation` VALUES (202, 5, 10);
INSERT INTO `ums_role_resource_relation` VALUES (203, 5, 11);
INSERT INTO `ums_role_resource_relation` VALUES (204, 5, 12);
INSERT INTO `ums_role_resource_relation` VALUES (205, 5, 13);
INSERT INTO `ums_role_resource_relation` VALUES (206, 5, 14);
INSERT INTO `ums_role_resource_relation` VALUES (207, 5, 15);
INSERT INTO `ums_role_resource_relation` VALUES (208, 5, 16);
INSERT INTO `ums_role_resource_relation` VALUES (209, 5, 17);
INSERT INTO `ums_role_resource_relation` VALUES (210, 5, 18);
INSERT INTO `ums_role_resource_relation` VALUES (211, 5, 19);
INSERT INTO `ums_role_resource_relation` VALUES (212, 5, 20);
INSERT INTO `ums_role_resource_relation` VALUES (213, 5, 21);
INSERT INTO `ums_role_resource_relation` VALUES (214, 5, 22);
INSERT INTO `ums_role_resource_relation` VALUES (215, 5, 23);
INSERT INTO `ums_role_resource_relation` VALUES (216, 5, 24);
INSERT INTO `ums_role_resource_relation` VALUES (217, 5, 25);
INSERT INTO `ums_role_resource_relation` VALUES (218, 5, 26);
INSERT INTO `ums_role_resource_relation` VALUES (219, 5, 27);
INSERT INTO `ums_role_resource_relation` VALUES (220, 5, 28);
INSERT INTO `ums_role_resource_relation` VALUES (221, 5, 29);
INSERT INTO `ums_role_resource_relation` VALUES (222, 5, 30);
INSERT INTO `ums_role_resource_relation` VALUES (232, 2, 8);
INSERT INTO `ums_role_resource_relation` VALUES (233, 2, 9);
INSERT INTO `ums_role_resource_relation` VALUES (234, 2, 10);
INSERT INTO `ums_role_resource_relation` VALUES (235, 2, 11);
INSERT INTO `ums_role_resource_relation` VALUES (236, 2, 12);
INSERT INTO `ums_role_resource_relation` VALUES (237, 2, 31);
INSERT INTO `ums_role_resource_relation` VALUES (238, 2, 32);
INSERT INTO `ums_role_resource_relation` VALUES (239, 1, 1);
INSERT INTO `ums_role_resource_relation` VALUES (240, 1, 2);
INSERT INTO `ums_role_resource_relation` VALUES (241, 1, 3);
INSERT INTO `ums_role_resource_relation` VALUES (242, 1, 4);
INSERT INTO `ums_role_resource_relation` VALUES (243, 1, 5);
INSERT INTO `ums_role_resource_relation` VALUES (244, 1, 6);
INSERT INTO `ums_role_resource_relation` VALUES (245, 1, 23);
INSERT INTO `ums_role_resource_relation` VALUES (246, 1, 24);
INSERT INTO `ums_role_resource_relation` VALUES (247, 1, 31);
INSERT INTO `ums_role_resource_relation` VALUES (248, 1, 32);

